{
    "title": "Create WhatsHot",
    "jsonPage": "viewWhatsHot",
    "desciption": "",
    "pageType": "create",
    "fields": [{
        "name": "Name",
        "type": "text",
        "tableRef": "name",
        "placeholder": "Enter Name",
        "id": "input1",
        "validation": ["required", "trim", "unique"],
        "url": ""
    }, {
        "name": "Banner",
        "type": "image",
        "tableRef": "banner",
        "option": "single",
        "size": "1632 × 562",
        "placeholder": "Enter Image",
        "id": "input1",
        "validation": ["required", "trim", "unique"],
        "url": ""
    }, {
        "name": "Image",
        "type": "image",
        "tableRef": "image",
        "option": "single",
        "size": "929 × 450",
        "placeholder": "Enter Image",
        "id": "input1",
        "validation": ["required", "trim", "unique"],
        "url": ""
    }, {
        "name": "Table Image",
        "type": "image",
        "tableRef": "tableImage",
        "option": "single",
        "size": "900 x 500",
        "placeholder": "Enter Image",
        "id": "input1",
        "validation": ["required", "trim", "unique"],
        "url": ""
    }, {
        "name": "Cruise Rate",
        "type": "tinymce",
        "tableRef": "cruiserate",
        "placeholder": "Enter Cruise Rate",
        "id": "input1",
        "validation": ["required", "trim", "unique"],
        "url": ""
    }, {
        "name": "From Date",
        "type": "date",
        "tableRef": "fromDate",
        "placeholder": "Enter fromDate",
        "id": "input1",
        "validation": ["required", "trim", "unique"],
        "url": ""
    }, {
        "name": "To Date",
        "type": "date",
        "tableRef": "toDate",
        "placeholder": "Enter toDate",
        "id": "input1",
        "validation": ["required", "trim", "unique"],
        "url": ""
    }, {
        "name": "Location",
        "type": "text",
        "tableRef": "location",
        "placeholder": "Enter location",
        "id": "input1",
        "validation": ["required", "trim", "unique"],
        "url": ""
    }, {
        "name": "Status",
        "type": "select",
        "tableRef": "status",
        "placeholder": "Enter status",
        "id": "input3",
        "validation": ["required", "trim", "unique"],
        "url": [{
            "value": true,
            "name": "Enable"
        }, {
            "value": false,
            "name": "Disable"
        }]
    }, {
        "name": "Show On Home",
        "type": "select",
        "tableRef": "isHome",
        "placeholder": "Enter ishome",
        "id": "input3",
        "validation": ["required", "trim", "unique"],
        "url": [{
            "value": true,
            "name": "Yes"
        }, {
            "value": false,
            "name": "No"
        }]
    }],
    "action": [{
        "name": "submit",
        "action": "submitUser"
    }, {
        "name": "cancel",
        "stateName": "page({jsonName:'viewWhatsHot'})"
    }],

    "apiCall": {
        "url": "WhatsHot/save"
    }
}
