{
    "title": "Create Destination",
    "jsonPage": "viewDestination",
    "desciption": "",
    "pageType": "create",
    "fields": [{
        "name": "Name",
        "type": "text",
        "tableRef": "name",
        "placeholder": "Enter Name",
        "id": "input1",
        "validation": ["required", "trim", "unique"],
        "url": ""
    }, {
        "name": "Description",
        "type": "tinymceImage",
        "tableRef": "description",
        "placeholder": "Enter Description",
        "id": "input1",
        "validation": ["required", "trim", "unique"],
        "url": ""
    }, {
        "name": "Slider Image",
        "type": "image",
        "size": "545 x 413",
        "tableRef": "image",
        "option": "single",
        "placeholder": "Enter Image",
        "id": "input1",
        "validation": ["required", "trim", "unique"],
        "url": ""
    },{
        "name": "Banner",
        "type": "image",
        "size": "1827 X 674",
        "tableRef": "banner",
        "option": "single",
        "placeholder": "Enter Image",
        "id": "input1",
        "validation": ["required", "trim", "unique"],
        "url": ""
    },{
        "name": "Video Url",
        "type": "text",
        "tableRef": "video",
        "placeholder": "Enter URL",
        "id": "input1",
        "validation": ["required", "trim", "unique"],
        "url": ""
    }, {
        "name": "Type",
        "type": "select",
        "tableRef": "type",
        "placeholder": "Enter Type",
        "id": "input1",
        "validation": ["required", "trim", "unique"],
        "url": [{
            "value": "None",
            "name": "None"
        }, {
            "value": "Popular Destination",
            "name": "Popular Destination"
        }]
    }, {
        "name": "Is Slider",
        "type": "select",
        "tableRef": "isSlider",
        "placeholder": "Enter isSlider",
        "id": "input1",
        "validation": ["required", "trim", "unique"],
        "url": [{
            "value": "Yes",
            "name": "Yes"
        }, {
            "value": "No",
            "name": "No"
        }]
    }, {
        "name": "Status",
        "type": "select",
        "tableRef": "status",
        "placeholder": "Enter status",
        "id": "input3",
        "validation": ["required", "trim", "unique"],
        "url": [{
            "value": true,
            "name": "Enable"
        }, {
            "value": false,
            "name": "Disable"
        }]
    }],
    "action": [{
        "name": "submit",
        "action": "submitUser"
    }, {
        "name": "cancel",
        "stateName": "page({jsonName:'viewDestination'})"
    }],

    "apiCall": {
        "url": "Destination/save"
    }
}
