{
    "title": "Create Activities",
    "jsonPage": "viewActivities",
    "desciption": "",
    "pageType": "create",
    "urlFields": ["Destination"],
    "fields": [{
        "name": "Name",
        "type": "text",
        "tableRef": "name",
        "placeholder": "Enter name",
        "id": "input1",
        "validation": ["required", "trim", "unique"],
        "url": ""
    },{
        "name": "Image",
        "type": "image",
        "option":"single",
        "size": "413 x 413",
        "tableRef": "image1",
        "placeholder": "Enter name",
        "id": "input1",
        "validation": ["required", "trim", "unique"],
        "url": ""
    },{
        "name": "Above Image",
        "type": "image",
        "option":"single",
        "size": "1297 x 641",
        "tableRef": "image2",
        "placeholder": "Enter name",
        "id": "input1",
        "validation": ["required", "trim", "unique"],
        "url": ""
    },{
        "name": "Category-Name",
        "type": "select",
        "tableRef": "type",
        "placeholder": "Enter Type",
        "id": "input3",
        "validation": ["required", "trim", "unique"],
        "url": [{
            "value": "all",
            "name": "all"
        }, {
            "value": "day",
            "name": "day"
        },{
            "value": "night",
            "name": "night"
        }]
    },{
        "name": "City",
        "type": "selectFromTable",
        "option":"single",
        "tableRef": "city",
        "dropDownName":"cityName",
        "placeholder": "Enter Category-Name",
        "id": "input1",
        "validation": ["required", "trim", "unique"],
        "url": "City/search"
    }],
    "action": [{
        "name": "submit",
        "action": "submitActivities"
    }, {
        "name": "cancel",
        "stateName": "page({jsonName:'viewActivities'})"
    }],

    "apiCall": {
        "url": "Activities/save"
    }
}
