{
    "title": "Create DestinationTitle",
    "jsonPage": "viewDestinationTitle",
    "desciption": "",
    "pageType": "create",
    "fields": [{
        "name": "Title",
        "type": "text",
        "tableRef": "title",
        "placeholder": "Enter name",
        "id": "input1",
        "validation": ["required", "trim", "unique"],
        "url": ""
    }, {
        "name": "Destination",
        "type": "selectFromTable",
        "option": "single",
        "tableRef": "destination",
        "dropDownName": "name",
        "placeholder": "Enter Category-Name",
        "id": "input1",
        "validation": ["required", "trim", "unique"],
        "url": "Destination/search"
    },{
        "name": "Status",
        "type": "select",
        "tableRef": "status",
        "placeholder": "Enter Type",
        "id": "input3",
        "validation": ["required", "trim", "unique"],
        "url": [{
            "value": true,
            "name": "Enable"
        }, {
            "value": false,
            "name": "Disable"
        }]
    }],
    "action": [{
        "name": "submit",
        "action": "submitDestinationTitle"
    }, {
        "name": "cancel",
        "stateName": "page({jsonName:'viewDestinationTitle'})"
    }],

    "apiCall": {
        "url": "DestinationTitle/save"
    }
}
