{
    "title": "Create Slider",
    "jsonPage": "viewSlider",
    "desciption": "",
    "pageType": "create",
    "fields": [{
        "name": "Page Link",
        "type": "selectFromTable",
        "option": "single",
        "tableRef": "url",
        "placeholder": "Enter Page Link",
        "id": "input1",
        "validation": ["required", "trim", "unique"],
        "url": "category/getAll"
    },{
        "name": "Background Image",
        "type": "image",
        "option": "single",
        "size":"1920 X 963",
        "tableRef": "image1",
        "placeholder": "Enter Image",
        "id": "input1",
        "validation": ["required", "trim", "unique"],
        "url": ""
    },
    {
        "name": "Front Image",
        "type": "image",
        "option": "single",
        "size":"1920 X 963",
        "tableRef": "image2",
        "placeholder": "Enter Image",
        "id": "input1",
        "validation": ["required", "trim", "unique"],
        "url": ""
    },{
        "name": "Mobile Background Image",
        "type": "image",
        "option": "single",
        "size":"1080 X 920",
        "tableRef": "image3",
        "placeholder": "Enter Image",
        "id": "input1",
        "validation": ["required", "trim", "unique"],
        "url": ""
    },
    {
        "name": "Mobile Front Image",
        "type": "image",
        "option": "single",
        "size":"1080 X 920",
        "tableRef": "image4",
        "placeholder": "Enter Image",
        "id": "input1",
        "validation": ["required", "trim", "unique"],
        "url": ""
    },{
        "name": "Status",
        "type": "select",
        "tableRef": "status",
        "placeholder": "Enter status",
        "id": "input3",
        "validation": ["required", "trim", "unique"],
        "url": [{
            "value": true,
            "name": "Enable"
        }, {
            "value": false,
            "name": "Disable"
        }]
    }],
    "action": [{
        "name": "submit",
        "action": "submitUser"
    }, {
        "name": "cancel",
        "stateName": "page({jsonName:'viewSlider'})"
    }],

    "apiCall": {
        "url": "homeslider/savedata"
    }
}
