{
    "title": "Create Blog",
    "jsonPage": "viewBlog",
    "desciption": "",
    "pageType": "create",
    "fields": [{
        "name": "Name",
        "type": "text",
        "tableRef": "name",
        "placeholder": "Enter Name",
        "id": "input1",
        "validation": ["required", "trim", "unique"],
        "url": ""
    }, {
        "name": "Tags",
        "type": "selectFromTable",
        "option": "multiple",
        "tableRef": "tags",
        "placeholder": "Enter Tag Name",
        "id": "input1",
        "validation": ["required", "trim", "unique"],
        "url": "tags/getAll"
    }, {
        "name": "Date",
        "type": "date",
        "tableRef": "date",
        "placeholder": "Enter Image",
        "id": "input1",
        "validation": ["required", "trim", "unique"],
        "url": ""
    }, {
        "name": "Desciption",
        "type": "tinymceImage",
        "tableRef": "description",
        "placeholder": "Enter Desciption",
        "id": "input1",
        "validation": ["required", "trim", "unique"],
        "url": ""
    }, {
        "name": "Image",
        "type": "image",
        "size": "351 X 239",
        "option": "single",
        "tableRef": "image",
        "placeholder": "Enter Image",
        "id": "input1",
        "validation": ["required", "trim", "unique"],
        "url": ""
    }, {
        "name": "Banner Image",
        "type": "image",
        "option":"single",
        "size": "1920 X 963",
        "tableRef": "bannerimage",
        "placeholder": "Enter name",
        "id": "input1",
        "validation": ["required", "trim", "unique"],
        "url": ""
    }, {
        "name": "Mobile Banner Image",
        "type": "image",
        "option":"single",
        "size": "1080 X 920",
        "tableRef": "bannerimage1",
        "placeholder": "Enter name",
        "id": "input1",
        "validation": ["required", "trim", "unique"],
        "url": ""
    },{
        "name": "Video Url",
        "type": "text",
        "tableRef": "video",
        "placeholder": "Enter URL",
        "id": "input1",
        "validation": ["required", "trim", "unique"],
        "url": ""
    },{
        "name": "Status",
        "type": "select",
        "tableRef": "status",
        "placeholder": "Enter status",
        "id": "input3",
        "validation": ["required", "trim", "unique"],
        "url": [{
            "value": true,
            "name": "Enable"
        }, {
            "value": false,
            "name": "Disable"
        }]
    }],
    "action": [{
        "name": "submit",
        "action": "submitUser"
    }, {
        "name": "cancel",
        "stateName": "page({jsonName:'viewBlog'})"
    }],

    "apiCall": {
        "url": "blog/savedata"
    }
}
