{
    "title": "Create Package",
    "jsonPage": "viewPackage",
    "desciption": "",
    "pageType": "create",
    "fields": [{
        "name": "Banner",
        "type": "image",
        "tableRef": "banner",
        "option": "single",
        "size": "1632 X 562",
        "placeholder": "Enter Image",
        "id": "input1",
        "validation": ["required", "trim", "unique"],
        "url": ""
    },{
        "name": "Image",
        "type": "image",
        "tableRef": "image",
        "option": "single",
        "size": "545 x 413",
        "placeholder": "Enter Image",
        "id": "input1",
        "validation": ["required", "trim", "unique"],
        "url": ""
    },{
        "name": "Package Name",
        "type": "text",
        "tableRef": "name",
        "placeholder": "Enter name",
        "id": "input1",
        "validation": ["required", "trim", "unique"],
        "url": ""
    },{
        "name": "Duration",
        "type": "text",
        "tableRef": "duration",
        "placeholder": "Enter Duration",
        "id": "input1",
        "validation": ["required", "trim", "unique"],
        "url": ""
    },{
        "name": "Price",
        "type": "text",
        "tableRef": "price",
        "placeholder": "Enter Price",
        "id": "input1",
        "validation": ["required", "trim", "unique"],
        "url": ""
    },{
        "name": "Destination",
        "type": "selectFromTable",
        "option":"multiple",
        "tableRef": "destination",
        "dropDownName":"name",
        "placeholder": "Enter Category-Name",
        "id": "input1",
        "validation": ["required", "trim", "unique"],
        "url": "Destination/search"
    }, {
        "name": "Status",
        "type": "select",
        "tableRef": "status",
        "placeholder": "Enter status",
        "id": "input3",
        "validation": ["required", "trim", "unique"],
        "url": [{
            "value": true,
            "name": "Enable"
        }, {
            "value": false,
            "name": "Disable"
        }]
    }],
    "action": [{
        "name": "submit",
        "action": "submitPackage"
    }, {
        "name": "cancel",
        "stateName": "page({jsonName:'viewPackage'})"
    }],

    "apiCall": {
        "url": "Package/save"
    }
}
