{
    "title": "Create Activities",
    "jsonPage": "viewActivities",
    "desciption": "",
    "pageType": "create",
    "urlFields": ["Destination"],
    "fields": [{
        "name": "Name",
        "type": "text",
        "tableRef": "name",
        "placeholder": "Enter name",
        "id": "input1",
        "validation": ["required", "trim", "unique"],
        "url": ""
    }, {
        "name": "Activity Description",
        "type": "tinymce",
        "tableRef": "description",
        "placeholder": "Enter Description",
        "id": "input1",
        "validation": ["required", "trim", "unique"],
        "url": ""
    }, {
        "name": "Small Image",
        "type": "image",
        "option": "single",
        "size": "545 x 413",
        "tableRef": "image1",
        "placeholder": "Enter name",
        "id": "input1",
        "validation": ["required", "trim", "unique"],
        "url": ""
    }, {
        "name": "Big Image",
        "type": "image",
        "option": "single",
        "size": "1297 x 641",
        "tableRef": "image2",
        "placeholder": "Enter name",
        "id": "input1",
        "validation": ["required", "trim", "unique"],
        "url": ""
    }, {
        "name": "For Destination Page",
        "type": "image",
        "option": "single",
        "size": "545 x 413",
        "tableRef": "image3",
        "placeholder": "Enter name",
        "id": "input1",
        "validation": ["required", "trim", "unique"],
        "url": ""
    },{
        "name": "Category-Name",
        "type": "select",
        "tableRef": "type",
        "placeholder": "Enter Type",
        "id": "input3",
        "validation": ["required", "trim", "unique"],
        "url": [{
            "value": "all",
            "name": "all"
        }, {
            "value": "day",
            "name": "day"
        }, {
            "value": "night",
            "name": "night"
        }]
    },{
        "name": "Type",
        "type": "select",
        "tableRef": "popular",
        "placeholder": "Enter Type",
        "id": "input1",
        "validation": ["required", "trim", "unique"],
        "url": [{
            "value": "None",
            "name": "None"
        }, {
            "value": "Popular Attraction",
            "name": "Popular Attraction"
        }]
    }, {
        "name": "Is Slider",
        "type": "select",
        "tableRef": "isSlider",
        "placeholder": "Enter isSlider",
        "id": "input1",
        "validation": ["required", "trim", "unique"],
        "url": [{
            "value": "Yes",
            "name": "Yes"
        }, {
            "value": "No",
            "name": "No"
        }]
    }, {
        "name": "Destination",
        "type": "selectFromTable",
        "option":"multiple",
        "tableRef": "destination",
        "dropDownName":"name",
        "placeholder": "Enter Category-Name",
        "id": "input1",
        "validation": ["required", "trim", "unique"],
        "url": "Destination/search"
    }, {
        "name": "Status",
        "type": "select",
        "tableRef": "status",
        "placeholder": "Enter status",
        "id": "input3",
        "validation": ["required", "trim", "unique"],
        "url": [{
            "value": true,
            "name": "Enable"
        }, {
            "value": false,
            "name": "Disable"
        }]
    }],
    "action": [{
        "name": "submit",
        "action": "submitActivities"
    }, {
        "name": "cancel",
        "stateName": "page({jsonName:'viewActivities'})"
    }],

    "apiCall": {
        "url": "Activities/save"
    }
}
