{
    "title": "Create Doctor",
    "jsonPage": "viewDoctor",
    "desciption": "",
    "pageType": "create",
    "fields": [{
        "name": "Name",
        "type": "text",
        "tableRef": "name",
        "placeholder": "Enter Name",
        "id": "input1",
        "validation": ["required", "trim", "unique"],
        "url": ""
    }, {
        "name": "Specialist",
        "type": "text",
        "tableRef": "specialist",
        "placeholder": "Enter Specialist",
        "id": "input1",
        "validation": ["required", "trim", "unique"],
        "url": ""
    }, {
        "name": "Description",
        "type": "tinymceImage",
        "tableRef": "description",
        "placeholder": "Enter Desciption",
        "id": "input1",
        "validation": ["required", "trim", "unique"],
        "url": ""
    }, {
        "name": "Image",
        "type": "image",
        "size": "429 X 401",
        "tableRef": "image",
        "option": "single",
        "placeholder": "Enter Image",
        "id": "input1",
        "validation": ["required", "trim", "unique"],
        "url": ""
    }, {
        "name": "Status",
        "type": "select",
        "tableRef": "status",
        "placeholder": "Enter status",
        "id": "input3",
        "validation": ["required", "trim", "unique"],
        "url": [{
            "value": true,
            "name": "Enable"
        }, {
            "value": false,
            "name": "Disable"
        }]
    }],
    "action": [{
        "name": "submit",
        "action": "submitUser"
    }, {
        "name": "cancel",
        "stateName": "page({jsonName:'viewDoctor'})"
    }],

    "apiCall": {
        "url": "doctor/savedata"
    }
}
