{
    "title": "Create Category",
    "jsonPage": "viewCategory",
    "desciption": "",
    "pageType": "create",
    "fields": [{
        "name": "Name",
        "type": "text",
        "tableRef": "name",
        "placeholder": "Enter Name",
        "id": "input1",
        "validation": ["required", "trim", "unique"],
        "url": ""
    },
     {
        "name": "Description",
        "type": "tinymce",
        "tableRef": "description",
        "placeholder": "Enter Description",
        "id": "input1",
        "validation": ["required", "trim", "unique"],
        "url": ""
    },{
            "name": "Color",
            "type": "text",
            "tableRef": "color",
            "placeholder": "Enter color",
            "id": "input1",
            "validation": ["required", "trim", "unique"],
            "url": ""
        },{
        "name": "Image",
        "type": "image",
        "tableRef": "image",
        "option": "single",
        "size":"1920 X 963",
        "placeholder": "Enter Image",
        "id": "input1",
        "validation": ["required", "trim", "unique"],
        "url": ""
    },{
        "name": "Mobile Image",
        "type": "image",
        "tableRef": "image1",
        "option": "single",
        "size":"1080 X 920",
        "placeholder": "Enter Mobile Image",
        "id": "input1",
        "validation": ["required", "trim", "unique"],
        "url": ""
    },{
        "name": "Status",
        "type": "select",
        "tableRef": "status",
        "placeholder": "Enter status",
        "id": "input3",
        "validation": ["required", "trim", "unique"],
        "url": [{
            "value": true,
            "name": "Enable"
        }, {
            "value": false,
            "name": "Disable"
        }]
    }],
    "action": [{
        "name": "submit",
        "action": "submitUser"
    }, {
        "name": "cancel",
        "stateName": "page({jsonName:'viewCategory'})"
    }],

    "apiCall": {
        "url": "Category/savedata"
    }
}
