{
    "title": "Create Accomodation",
    "jsonPage": "viewAccomodation",
    "desciption": "",
    "pageType": "create",
    "urlFields": ["Destination"],
    "fields": [{
        "name": "Hotel Name",
        "type": "text",
        "tableRef": "hotelName",
        "placeholder": "Enter Hotel Name",
        "id": "input1",
        "validation": ["required", "trim", "unique"],
        "url": ""
    },{
        "name": "Image",
        "type": "image",
        "size": "351 X 239",
        "option": "single",
        "tableRef": "image",
        "placeholder": "Enter Image",
        "id": "input1",
        "validation": ["required", "trim", "unique"],
        "url": ""
    }],
    "action": [{
        "name": "submit",
        "action": "submitAccomodation"
    }, {
        "name": "cancel",
        "stateName": "page({jsonName:'viewAccomodation'})"
    }],

    "apiCall": {
        "url": "Destination/saveAccomodation"
    }
}
