{
    "title": "Create Pack",
    "jsonPage": "viewPack",
    "desciption": "",
    "pageType": "create",
    "urlFields": ["Package"],
    "fields": [{
        "name": "Image",
        "type": "image",
        "tableRef": "image",
        "option": "single",
        "size": "width = 413",
        "placeholder": "Enter Image",
        "id": "input1",
        "validation": ["required", "trim", "unique"],
        "url": ""
    },{
        "name": "Day",
        "type": "text",
        "tableRef": "day",
        "placeholder": "Enter name",
        "id": "input1",
        "validation": ["required", "trim", "unique"],
        "url": ""
    },{
        "name": "Description",
        "type": "tinymce",
        "tableRef": "description",
        "placeholder": "Enter Description",
        "id": "input1",
        "validation": ["required", "trim", "unique"],
        "url": ""
    }],
    "action": [{
        "name": "submit",
        "action": "submitPack"
    }, {
        "name": "cancel",
        "stateName": "page({jsonName:'viewPack'})"
    }],

    "apiCall": {
        "url": "Package/savePack"
    }
}
