{
    "title": "Create Banner",
    "jsonPage": "viewBanner",
    "desciption": "",
    "pageType": "create",
    "fields": [{
        "name": "Name",
        "type": "text",
        "tableRef": "name",
        "placeholder": "Enter Banner Name",
        "id": "input1",
        "validation": ["required", "trim", "unique"],
        "url": ""
    },{
        "name": "Banner",
        "type": "image",
        "tableRef": "banner",
        "option": "single",
        "size":"1559 X 586",
        "placeholder": "Enter Image",
        "id": "input1",
        "validation": ["required", "trim", "unique"],
        "url": ""
    }, {
        "name": "Status",
        "type": "select",
        "tableRef": "status",
        "placeholder": "Enter status",
        "id": "input3",
        "validation": ["required", "trim", "unique"],
        "url": [{
            "value": true,
            "name": "Enable"
        }, {
            "value": false,
            "name": "Disable"
        }]
    }],
    "action": [{
        "name": "submit",
        "action": "submitBanner"
    }, {
        "name": "cancel",
        "stateName": "page({jsonName:'viewBanner'})"
    }],

    "apiCall": {
        "url": "Banner/save"
    }
}
