{
    "title": "Create Images",
    "jsonPage": "viewImages",
    "desciption": "",
    "pageType": "create",
    "urlFields": ["WhatsHot"],
    "fields": [{
        "name": "Image",
        "type": "image",
        "option":"single",
        "size": "1920 X 1080",
        "tableRef": "image",
        "placeholder": "Enter Image",
        "id": "input1",
        "validation": ["required", "trim", "unique"],
        "url": ""
    },{
        "name": "Status",
        "type": "select",
        "tableRef": "status",
        "placeholder": "Enter status",
        "id": "input3",
        "validation": ["required", "trim", "unique"],
        "url": [{
            "value": true,
            "name": "Enable"
        }, {
            "value": false,
            "name": "Disable"
        }]
    }],
    "action": [{
        "name": "submit",
        "action": "submitImages"
    }, {
        "name": "cancel",
        "stateName": "page({jsonName:'viewImages'})"
    }],

    "apiCall": {
        "url": "WhatsHot/saveImages"
    }
}
