{
    "title": "Edit Destination",
    "jsonPage": "viewDestination",
    "desciption": "",
    "pageType": "edit",
    "urlFields": ["_id"],
    "fields": [{
        "name": "Id",
        "type": "hidden",
        "tableRef": "_id",
        "placeholder": "Enter name",
        "id": "input1",
        "validation": ["required", "trim", "unique"],
        "url": "",
        "model": "_id"
    }, {
        "name": "Name",
        "type": "text",
        "tableRef": "name",
        "placeholder": "Enter Name",
        "id": "input1",
        "validation": ["required", "trim", "unique"],
        "url": "",
        "model": "name"
    }, {
        "name": "Description",
        "type": "tinymceImage",
        "tableRef": "description",
        "model": "description",
        "placeholder": "Enter Description",
        "id": "input1",
        "validation": ["required", "trim", "unique"],
        "url": ""
    },{
        "name": "Slider Image",
        "type": "image",
        "size": "545 x 413",
        "tableRef": "image",
        "option": "single",
        "placeholder": "Enter Image",
        "id": "input1",
        "validation": ["required", "trim", "unique"],
        "url": "",
        "model": "image"
    },{
        "name": "Banner",
        "type": "image",
        "size": "1827 X 674",
        "tableRef": "banner",
        "option": "single",
        "placeholder": "Enter Image",
        "id": "input1",
        "validation": ["required", "trim", "unique"],
        "url": "",
        "model": "banner"
    }, {
        "name": "Video Url",
        "type": "text",
        "tableRef": "video",
        "placeholder": "Enter URL",
        "id": "input1",
        "validation": ["required", "trim", "unique"],
        "url": "",
        "model": "video"
    }, {
        "name": "Type",
        "type": "select",
        "tableRef": "type",
        "placeholder": "Enter Type",
        "id": "input1",
        "validation": ["required", "trim", "unique"],
        "model": "type",
        "url": [{
            "value": "None",
            "name": "None"
        }, {
            "value": "Popular Destination",
            "name": "Popular Destination"
        }]
    }, {
        "name": "Is Slider",
        "type": "select",
        "tableRef": "isSlider",
        "model": "isSlider",
        "placeholder": "Enter isSlider",
        "id": "input1",
        "validation": ["required", "trim", "unique"],
        "url": [{
            "value": "Yes",
            "name": "Yes"
        }, {
            "value": "No",
            "name": "No"
        }]
    }, {
        "name": "Status",
        "type": "select",
        "tableRef": "status",
        "placeholder": "Enter status",
        "id": "input3",
        "model": "status",
        "validation": ["required", "trim", "unique"],
        "url": [{
            "value": true,
            "name": "Enable"
        }, {
            "value": false,
            "name": "Disable"
        }]
    }],

    "action": [{
        "name": "submit",
        "action": "submitDestination"
    }, {
        "name": "cancel",
        "stateName": "page({jsonName:'viewDestination'})"
    }],
    "apiCall": {
        "url": "Destination/save",
        "params": "_id"
    },
    "preApi": {
        "url": "Destination/getOne",
        "params": "_id"
    },
    "sidemenu": [{
          "name": "Destination",
          "action": "sidemenuRedirect",
          "jsonPage": "editDestination",
          "fieldsToSend": [1],
          "callFindOne": "Destination/getOne"
      }, {
          "name": "Accomodation",
          "action": "sidemenuRedirect",
          "jsonPage": "viewAccomodation",
          "fieldsToSend": [1],
          "callFindOne": "Destination/getAccomodation"
      }]
}
