{
    "title": "Edit Accomodation",
    "jsonPage": "viewBanner",
    "desciption": "",
    "pageType": "edit",
    "urlFields": ["_id"],
    "fields": [{
        "name": "Id",
        "type": "hidden",
        "tableRef": "_id",
        "placeholder": "Enter name",
        "id": "input1",
        "validation": ["required", "trim", "unique"],
        "url": "",
        "model": "_id"
    },{
        "name": "Name",
        "type": "text",
        "tableRef": "name",
        "placeholder": "Enter Banner Name",
        "id": "input1",
        "validation": ["required", "trim", "unique"],
        "url": "",
        "model": "name"
    },{
        "name": "Banner",
        "type": "image",
        "tableRef": "banner",
        "model": "banner",
        "option": "single",
        "size":"1632 X 562",
        "placeholder": "Enter Image",
        "id": "input1",
        "validation": ["required", "trim", "unique"],
        "url": ""
    },{
        "name": "Status",
        "type": "select",
        "tableRef": "status",
        "placeholder": "Enter status",
        "id": "input3",
        "model": "status",
        "validation": ["required", "trim", "unique"],
        "url": [{
            "value": true,
            "name": "Enable"
        }, {
            "value": false,
            "name": "Disable"
        }]
    }],
    "action": [{
        "name": "submit",
        "action": "submitBanner"
    }, {
        "name": "cancel",
        "stateName": "page({jsonName:'viewBanner'})"
    }],
    "apiCall": {
        "url": "Banner/save",
        "params": "_id"
    },
    "preApi": {
        "url": "Banner/getOne",
        "params": "_id"
    }
}
