{
    "title": "Edit What'sHot",
    "jsonPage": "viewWhatsHot",
    "desciption": "",
    "pageType": "edit",
    "urlFields": ["_id"],
    "fields": [{
        "name": "Id",
        "type": "hidden",
        "tableRef": "_id",
        "placeholder": "Enter name",
        "id": "input1",
        "validation": ["required", "trim", "unique"],
        "url": "",
        "model": "_id"
    }, {
        "name": "name",
        "type": "text",
        "tableRef": "name",
        "placeholder": "Enter name",
        "id": "input1",
        "validation": ["required", "trim", "unique"],
        "url": "",
        "model": "name"
    },{
        "name": "Banner",
        "type": "image",
        "tableRef": "banner",
        "model": "banner",
        "option": "single",
        "size":"1920 X 963",
        "placeholder": "Enter Image",
        "id": "input1",
        "validation": ["required", "trim", "unique"],
        "url": ""
    }],
    "action": [{
        "name": "submit",
        "action": "submitWhatsNew"
    }, {
        "name": "cancel",
        "stateName": "page({jsonName:'viewWhatsHot'})"
    }],
    "apiCall": {
        "url": "WhatsHot/save",
        "params": "_id"
    },
    "preApi": {
        "url": "WhatsHot/getOne",
        "params": "_id"
    },
    "sidemenu": [{
          "name": "WhatsHot",
          "action": "sidemenuRedirect",
          "jsonPage": "editWhatsHot",
          "fieldsToSend": [1],
          "callFindOne": "WhatsHot/getOne"
      }, {
          "name": "Images",
          "action": "sidemenuRedirect",
          "jsonPage": "viewImages",
          "fieldsToSend": [1],
          "callFindOne": "WhatsHot/getImages"
      },{
          "name": "Video",
          "action": "sidemenuRedirect",
          "jsonPage": "viewVideos",
          "fieldsToSend": [1],
          "callFindOne": "WhatsHot/getVideos"
      }, {
          "name": "Pricing",
          "action": "sidemenuRedirect",
          "jsonPage": "viewPricing",
          "fieldsToSend": [1],
          "callFindOne": "WhatsHot/getPricing"
      }]
}
