{
    "title": "Edit Package",
    "jsonPage": "viewPackage",
    "desciption": "",
    "pageType": "edit",
    "urlFields": ["_id"],
    "fields": [{
        "name": "Id",
        "type": "hidden",
        "tableRef": "_id",
        "placeholder": "Enter name",
        "id": "input1",
        "validation": ["required", "trim", "unique"],
        "url": "",
        "model": "_id"
    }, {
        "name": "Banner",
        "type": "image",
        "tableRef": "banner",
        "option": "single",
        "size": "1632 X 562",
        "placeholder": "Enter Image",
        "id": "input1",
        "validation": ["required", "trim", "unique"],
        "url": "",
        "model": "banner"
    },{
        "name": "Image",
        "type": "image",
        "tableRef": "image",
        "option": "single",
        "size": "545 x 413",
        "placeholder": "Enter Image",
        "id": "input1",
        "validation": ["required", "trim", "unique"],
        "url": "",
        "model": "image"
    },{
        "name": "Package Name",
        "type": "text",
        "tableRef": "name",
        "placeholder": "Enter name",
        "id": "input1",
        "validation": ["required", "trim", "unique"],
        "url": "",
        "model": "name"
    },{
        "name": "Duration",
        "type": "text",
        "tableRef": "duration",
        "placeholder": "Enter Duration",
        "id": "input1",
        "validation": ["required", "trim", "unique"],
        "url": "",
        "model": "duration"
    },{
        "name": "Price",
        "type": "text",
        "tableRef": "price",
        "placeholder": "Enter Price",
        "id": "input1",
        "validation": ["required", "trim", "unique"],
        "url": "",
        "model": "price"
    }, {
        "name": "Destination",
        "type": "selectFromTable",
        "option":"multiple",
        "tableRef": "destination",
        "dropDownName":"name",
        "model":"destination",
        "placeholder": "Enter Category-Name",
        "id": "input1",
        "validation": ["required", "trim", "unique"],
        "url": "Destination/search"
    },{
        "name": "Status",
        "type": "select",
        "tableRef": "status",
        "placeholder": "Enter status",
        "id": "input3",
        "model": "status",
        "validation": ["required", "trim", "unique"],
        "url": [{
            "value": true,
            "name": "Enable"
        }, {
            "value": false,
            "name": "Disable"
        }]
    }],
    "action": [{
        "name": "submit",
        "action": "submitPackage"
    }, {
        "name": "cancel",
        "stateName": "page({jsonName:'viewPackage'})"
    }],
    "apiCall": {
        "url": "Package/save",
        "params": "_id"
    },
    "preApi": {
        "url": "Package/getOne",
        "params": "_id"
    },
    "sidemenu": [{
          "name": "Destination",
          "action": "sidemenuRedirect",
          "jsonPage": "editDestination",
          "fieldsToSend": [1],
          "callFindOne": "Destination/getOne"
      }, {
          "name": "Package Details",
          "action": "sidemenuRedirect",
          "jsonPage": "viewPack",
          "fieldsToSend": [1],
          "callFindOne": "Destination/getPack"
      }]
}
