{
    "title": "Edit Activities",
    "jsonPage": "viewActivities",
    "desciption": "",
    "pageType": "edit",
    "urlFields": ["_id"],
    "fields": [{
        "name": "Id",
        "type": "hidden",
        "tableRef": "_id",
        "placeholder": "Enter name",
        "id": "input1",
        "validation": ["required", "trim", "unique"],
        "url": "",
        "model": "_id"
    },{
        "name": "Hotel Name",
        "type": "text",
        "tableRef": "name",
        "placeholder": "Enter name",
        "id": "input1",
        "validation": ["required", "trim", "unique"],
        "url": "",
        "model": "name"
    },{
        "name": "Image",
        "type": "image",
        "option":"single",
        "size": "351 X 239",
        "tableRef": "image1",
        "placeholder": "Enter name",
        "id": "input1",
        "validation": ["required", "trim", "unique"],
        "url": "",
        "model": "image1"
    },{
        "name": "Image",
        "type": "image",
        "option":"single",
        "size": "351 X 239",
        "tableRef": "image2",
        "placeholder": "Enter name",
        "id": "input1",
        "validation": ["required", "trim", "unique"],
        "url": "",
        "model": "image2"
    }],
    "action": [{
        "name": "submit",
        "action": "submitOneActivities"
    }, {
        "name": "cancel",
        "stateName": "page({jsonName:'viewActivities'})"
    }],
    "apiCall": {
        "url": "Destination/saveActivities",
        "params": "_id"
    },
    "preApi": {
        "url": "Destination/getOneActivities",
        "params": "_id"
    },
    "sidemenu": [{
          "name": "Destination",
          "action": "sidemenuRedirect",
          "jsonPage": "editDestination",
          "fieldsToSend": [1],
          "callFindOne": "Destination/getOne"
      }, {
          "name": "Accomodation",
          "action": "sidemenuRedirect",
          "jsonPage": "viewAccomodation",
          "fieldsToSend": [1],
          "callFindOne": "Destination/getAccomodation"
      }, {
          "name": "Activities",
          "action": "sidemenuRedirect",
          "jsonPage": "viewActivities",
          "fieldsToSend": [1],
          "callFindOne": "Destination/getActivities"
      }]
}
