{
    "title": "Edit Images",
    "jsonPage": "viewImages",
    "desciption": "",
    "pageType": "edit",
    "urlFields": ["_id"],
    "fields": [{
        "name": "Id",
        "type": "hidden",
        "tableRef": "_id",
        "placeholder": "Enter name",
        "id": "input1",
        "validation": ["required", "trim", "unique"],
        "url": "",
        "model": "_id"
    },{
        "name": "Image",
        "type": "image",
        "option":"single",
        "size": "1920 X 1080",
        "tableRef": "image",
        "placeholder": "Enter name",
        "id": "input1",
        "validation": ["required", "trim", "unique"],
        "url": "",
        "model": "image"
    },{
        "name": "Status",
        "type": "select",
        "tableRef": "status",
        "placeholder": "Enter status",
        "id": "input3",
        "model": "status",
        "validation": ["required", "trim", "unique"],
        "url": [{
            "value": true,
            "name": "Enable"
        }, {
            "value": false,
            "name": "Disable"
        }]
    }],
    "action": [{
        "name": "submit",
        "action": "submitOneAccomodation"
    }, {
        "name": "cancel",
        "stateName": "page({jsonName:'viewDestContentImages'})"
    }],
    "apiCall": {
        "url": "DestinationContent/saveImages",
        "params": "_id"
    },
    "preApi": {
        "url": "DestinationContent/getOneImages",
        "params": "_id"
    }
}
