{
    "title": "Edit Enquire",
    "jsonPage": "viewEnquire",
    "desciption": "",
    "pageType": "edit",
    "urlFields": ["_id"],
    "fields": [{
        "name": "Cities",
        "type": "text",
        "tableRef": "cities",
        "placeholder": "Enter name",
        "id": "input1",
        "validation": ["required", "trim", "unique"],
        "url": "",
        "model":"cities"
    },{
        "name": "Activities",
        "type": "text",
        "tableRef": "activities",
        "placeholder": "Enter name",
        "id": "input1",
        "validation": ["required", "trim", "unique"],
        "url": "",
        "model":"activities"
    },{
        "name": "Size",
        "type": "text",
        "tableRef": "size",
        "placeholder": "Enter name",
        "id": "input1",
        "validation": ["required", "trim", "unique"],
        "url": "",
        "model":"size"
    },{
        "name": "From",
        "type": "date",
        "tableRef": "from",
        "placeholder": "Enter name",
        "id": "input1",
        "validation": ["required", "trim", "unique"],
        "url": "",
        "model":"from"
    },{
        "name": "To",
        "type": "date",
        "tableRef": "to",
        "placeholder": "Enter name",
        "id": "input1",
        "validation": ["required", "trim", "unique"],
        "url": "",
        "model":"to"
    },{
        "name": "Comment",
        "type": "text",
        "tableRef": "comment",
        "placeholder": "Enter name",
        "id": "input1",
        "validation": ["required", "trim", "unique"],
        "url": "",
        "model":"comment"
    },{
        "name": "Name",
        "type": "text",
        "tableRef": "name",
        "placeholder": "Enter name",
        "id": "input1",
        "validation": ["required", "trim", "unique"],
        "url": "",
        "model":"name"
    },{
        "name": "Phone",
        "type": "text",
        "tableRef": "phone",
        "placeholder": "Enter name",
        "id": "input1",
        "validation": ["required", "trim", "unique"],
        "url": "",
        "model":"phone"
    },{
        "name": "Email",
        "type": "text",
        "tableRef": "email",
        "placeholder": "Enter name",
        "id": "input1",
        "validation": ["required", "trim", "unique"],
        "url": "",
        "model":"email"
    }],
    "action": [{
        "name": "submit",
        "action": "submitDoctor"
    }, {
        "name": "cancel",
        "stateName": "page({jsonName:'viewEnquire'})"
    }],
    "apiCall": {
        "url": "Enquire/save",
        "params": "_id"
    },
    "preApi": {
        "url": "Enquire/getOne",
        "params": "_id"
    }
}
