{
    "title": "Edit Blog",
    "jsonPage": "viewAccomodation",
    "desciption": "",
    "pageType": "edit",
    "urlFields": ["_id"],
    "fields": [{
        "name": "Id",
        "type": "hidden",
        "tableRef": "_id",
        "placeholder": "Enter name",
        "id": "input1",
        "validation": ["required", "trim", "unique"],
        "url": "",
        "model": "_id"
    },{
        "name": "Hotel Name",
        "type": "text",
        "tableRef": "hotelName",
        "placeholder": "Enter name",
        "id": "input1",
        "validation": ["required", "trim", "unique"],
        "url": "",
        "model": "hotelName"
    },{
        "name": "Image",
        "type": "image",
        "option":"single",
        "size": "351 X 239",
        "tableRef": "image",
        "placeholder": "Enter name",
        "id": "input1",
        "validation": ["required", "trim", "unique"],
        "url": "",
        "model": "image"
    }],
    "action": [{
        "name": "submit",
        "action": "submitOneAccomodation"
    }, {
        "name": "cancel",
        "stateName": "page({jsonName:'viewAccomodation'})"
    }],
    "apiCall": {
        "url": "Destination/saveAccomodation",
        "params": "_id"
    },
    "preApi": {
        "url": "Destination/getOneAccomodation",
        "params": "_id"
    }
}
