{
    "title": "Edit What'sHot",
    "jsonPage": "viewWhatsHot",
    "desciption": "",
    "pageType": "edit",
    "urlFields": ["_id"],
    "fields": [{
        "name": "Id",
        "type": "hidden",
        "tableRef": "_id",
        "placeholder": "Enter name",
        "id": "input1",
        "validation": ["required", "trim", "unique"],
        "url": "",
        "model": "_id"
    }, {
        "name": "name",
        "type": "text",
        "tableRef": "name",
        "placeholder": "Enter name",
        "id": "input1",
        "validation": ["required", "trim", "unique"],
        "url": "",
        "model": "name"
    }, {
        "name": "Banner",
        "type": "image",
        "tableRef": "banner",
        "model": "banner",
        "option": "single",
        "size": "1632 × 562",
        "placeholder": "Enter Image",
        "id": "input1",
        "validation": ["required", "trim", "unique"],
        "url": ""
    }, {
        "name": "Image",
        "type": "image",
        "tableRef": "image",
        "model": "image",
        "option": "single",
        "size": "929 × 450",
        "placeholder": "Enter Image",
        "id": "input1",
        "validation": ["required", "trim", "unique"],
        "url": ""
    }, {
        "name": "Table Image",
        "type": "image",
        "tableRef": "tableImage",
        "model": "tableImage",
        "option": "single",
        "size": "900 X 500",
        "placeholder": "Enter Image",
        "id": "input1",
        "validation": ["required", "trim", "unique"],
        "url": ""
    },  {
        "name": "Cruise Rate",
        "type": "tinymce",
        "tableRef": "cruiserate",
        "model": "cruiserate",
        "placeholder": "Enter Cruise Rate",
        "id": "input1",
        "validation": ["required", "trim", "unique"],
        "url": ""
    }, {
        "name": "From Date",
        "type": "date",
        "tableRef": "fromDate",
        "model": "fromDate",
        "placeholder": "Enter fromDate",
        "id": "input1",
        "validation": ["required", "trim", "unique"],
        "url": ""
    }, {
        "name": "To Date",
        "type": "date",
        "tableRef": "toDate",
        "model": "toDate",
        "placeholder": "Enter toDate",
        "id": "input1",
        "validation": ["required", "trim", "unique"],
        "url": ""
    }, {
        "name": "Location",
        "type": "text",
        "tableRef": "location",
        "model": "location",
        "placeholder": "Enter location",
        "id": "input1",
        "validation": ["required", "trim", "unique"],
        "url": ""
    }, {
        "name": "Status",
        "type": "select",
        "tableRef": "status",
        "placeholder": "Enter status",
        "id": "input3",
        "model": "status",
        "validation": ["required", "trim", "unique"],
        "url": [{
            "value": true,
            "name": "Enable"
        }, {
            "value": false,
            "name": "Disable"
        }]
    }, {
        "name": "Show On Home",
        "type": "select",
        "tableRef": "isHome",
        "model": "isHome",
        "placeholder": "Enter ishome",
        "id": "input3",
        "validation": ["required", "trim", "unique"],
        "url": [{
            "value": true,
            "name": "Yes"
        }, {
            "value": false,
            "name": "No"
        }]
    }],
    "action": [{
        "name": "submit",
        "action": "submitWhatsNew"
    }, {
        "name": "cancel",
        "stateName": "page({jsonName:'viewWhatsHot'})"
    }],
    "apiCall": {
        "url": "WhatsHot/save",
        "params": "_id"
    },
    "preApi": {
        "url": "WhatsHot/getOne",
        "params": "_id"
    },
    "sidemenu": [{
        "name": "WhatsHot",
        "action": "sidemenuRedirect",
        "jsonPage": "editWhatsHot",
        "fieldsToSend": [1],
        "callFindOne": "WhatsHot/getOne"
    }, {
        "name": "Images",
        "action": "sidemenuRedirect",
        "jsonPage": "viewImages",
        "fieldsToSend": [1],
        "callFindOne": "WhatsHot/getImages"
    }, {
        "name": "Video",
        "action": "sidemenuRedirect",
        "jsonPage": "viewVideos",
        "fieldsToSend": [1],
        "callFindOne": "WhatsHot/getVideos"
    }]
}
