{
    "title": "Edit DestinationContent",
    "jsonPage": "viewDestinationContent",
    "desciption": "",
    "pageType": "edit",
    "urlFields": ["_id"],
    "fields": [{
        "name": "Id",
        "type": "hidden",
        "tableRef": "_id",
        "placeholder": "Enter name",
        "id": "input1",
        "validation": ["required", "trim", "unique"],
        "url": "",
        "model": "_id"
    },{
        "name": "Name",
        "type": "text",
        "tableRef": "name",
        "placeholder": "Enter name",
        "id": "input1",
        "validation": ["required", "trim", "unique"],
        "url": "",
        "model": "name"
    },{
        "name": "Description",
        "type": "textarea",
        "tableRef": "description",
        "placeholder": "Enter name",
        "id": "input1",
        "validation": ["required", "trim", "unique"],
        "url": "",
        "model": "description"
    }, {
        "name": "DestinationTitle",
        "type": "selectFromTable",
        "option": "single",
        "tableRef": "destinationTitle",
        "dropDownName": "title",
        "placeholder": "Enter Category-Name",
        "id": "input1",
        "validation": ["required", "trim", "unique"],
        "url": "DestinationTitle/search",
        "model": "destinationTitle"
    },{
        "name": "Status",
        "type": "select",
        "tableRef": "status",
        "placeholder": "Enter Type",
        "id": "input3",
        "model": "status",
        "validation": ["required", "trim", "unique"],
        "url": [{
            "value": true,
            "name": "Enable"
        }, {
            "value": false,
            "name": "Disable"
        }]
    }],
    "action": [{
        "name": "submit",
        "action": "submitOneDestinationContent"
    }, {
        "name": "cancel",
        "stateName": "page({jsonName:'viewDestinationContent'})"
    }],
    "apiCall": {
        "url": "DestinationContent/save",
        "params": "_id"
    },
    "preApi": {
        "url": "DestinationContent/getOne",
        "params": "_id"
    },
    "sidemenu": [{
          "name": "DestinationContent",
          "action": "sidemenuRedirect",
          "jsonPage": "editDestinationContent",
          "fieldsToSend": [1],
          "callFindOne": "DestinationContent/getOne"
      }, {
          "name": "Images",
          "action": "sidemenuRedirect",
          "jsonPage": "viewDestContentImages",
          "fieldsToSend": [1],
          "callFindOne": "DestinationContent/getImages"
      }]
}
