{
    "title": "Edit Pack",
    "jsonPage": "viewPack",
    "desciption": "",
    "pageType": "edit",
    "urlFields": ["_id"],
    "fields": [{
        "name": "Id",
        "type": "hidden",
        "tableRef": "_id",
        "placeholder": "Enter name",
        "id": "input1",
        "validation": ["required", "trim", "unique"],
        "url": "",
        "model": "_id"
    },{
        "name": "Image",
        "type": "image",
        "tableRef": "image",
        "model": "image",
        "option": "single",
        "size": "width = 413",
        "placeholder": "Enter Image",
        "id": "input1",
        "validation": ["required", "trim", "unique"],
        "url": ""
    },{
        "name": "Day",
        "type": "text",
        "tableRef": "day",
        "placeholder": "Enter name",
        "id": "input1",
        "validation": ["required", "trim", "unique"],
        "url": "",
        "model":"day"
    },{
        "name": "Description",
        "type": "tinymce",
        "tableRef": "description",
        "placeholder": "Enter Description",
        "id": "input1",
        "validation": ["required", "trim", "unique"],
        "url": "",
        "model":"description"
    }],
    "action": [{
        "name": "submit",
        "action": "submitOnePack"
    }, {
        "name": "cancel",
        "stateName": "page({jsonName:'viewPack'})"
    }],
    "apiCall": {
        "url": "Package/savePack",
        "params": "_id"
    },
    "preApi": {
        "url": "Package/getOnePack",
        "params": "_id"
    }
}
