{
    "title": "Edit Activities",
    "jsonPage": "viewActivities",
    "desciption": "",
    "pageType": "edit",
    "urlFields": ["_id"],
    "fields": [{
        "name": "Id",
        "type": "hidden",
        "tableRef": "_id",
        "placeholder": "Enter name",
        "id": "input1",
        "validation": ["required", "trim", "unique"],
        "url": "",
        "model": "_id"
    },{
        "name": "Hotel Name",
        "type": "text",
        "tableRef": "name",
        "placeholder": "Enter name",
        "id": "input1",
        "validation": ["required", "trim", "unique"],
        "url": "",
        "model": "name"
    },{
        "name": "Image",
        "type": "image",
        "option":"single",
        "size": "413 x 413",
        "tableRef": "image1",
        "placeholder": "Enter name",
        "id": "input1",
        "validation": ["required", "trim", "unique"],
        "url": "",
        "model": "image1"
    },{
        "name": "Above Image",
        "type": "image",
        "option":"single",
        "size": "1297 x 641",
        "tableRef": "image2",
        "placeholder": "Enter name",
        "id": "input1",
        "validation": ["required", "trim", "unique"],
        "url": "",
        "model": "image2"
    },{
        "name": "Category-Name",
        "type": "select",
        "tableRef": "type",
        "placeholder": "Enter Type",
        "id": "input3",
        "model": "type",
        "validation": ["required", "trim", "unique"],
        "url": [{
            "value": "all",
            "name": "all"
        }, {
            "value": "day",
            "name": "day"
        },{
            "value": "night",
            "name": "night"
        }]
    },{
        "name": "City",
        "type": "selectFromTable",
        "option":"single",
        "tableRef": "city",
        "dropDownName":"cityName",
        "model":"city",
        "placeholder": "Enter Category-Name",
        "id": "input1",
        "validation": ["required", "trim", "unique"],
        "url": "City/search"
    }],
    "action": [{
        "name": "submit",
        "action": "submitOneActivities"
    }, {
        "name": "cancel",
        "stateName": "page({jsonName:'viewActivities'})"
    }],
    "apiCall": {
        "url": "Activities/save",
        "params": "_id"
    },
    "preApi": {
        "url": "Activities/getOne",
        "params": "_id"
    }
}
