{
    "title": "Edit Videos",
    "jsonPage": "viewVideos",
    "desciption": "",
    "pageType": "edit",
    "urlFields": ["_id"],
    "fields": [{
        "name": "Id",
        "type": "hidden",
        "tableRef": "_id",
        "placeholder": "Enter name",
        "id": "input1",
        "validation": ["required", "trim", "unique"],
        "url": "",
        "model": "_id"
    },{
        "name": "URL",
        "type": "text",
        "tableRef": "url",
        "placeholder": "Enter URL",
        "id": "input1",
        "validation": ["required", "trim", "unique"],
        "url": "",
        "model": "url"
    },{
        "name": "Thumbnail",
        "type": "image",
        "option":"single",
        "size": "351 X 239",
        "tableRef": "thumbnail",
        "placeholder": "Enter Thumbnail Image",
        "id": "input1",
        "validation": ["required", "trim", "unique"],
        "url": "",
        "model": "thumbnail"
    },{
        "name": "Status",
        "type": "select",
        "tableRef": "status",
        "placeholder": "Enter status",
        "id": "input3",
        "model": "status",
        "validation": ["required", "trim", "unique"],
        "url": [{
            "value": true,
            "name": "Enable"
        }, {
            "value": false,
            "name": "Disable"
        }]
    }],
    "action": [{
        "name": "submit",
        "action": "submitVideos"
    }, {
        "name": "cancel",
        "stateName": "page({jsonName:'viewVideos'})"
    }],
    "apiCall": {
        "url": "WhatsHot/saveVideos",
        "params": "_id"
    },
    "preApi": {
        "url": "WhatsHot/getOneVideos",
        "params": "_id"
    }
}
