{
    "title": "Edit DestinationTitle",
    "jsonPage": "viewDestinationTitle",
    "desciption": "",
    "pageType": "edit",
    "urlFields": ["_id"],
    "fields": [{
        "name": "Id",
        "type": "hidden",
        "tableRef": "_id",
        "placeholder": "Enter name",
        "id": "input1",
        "validation": ["required", "trim", "unique"],
        "url": "",
        "model": "_id"
    },{
        "name": "Title",
        "type": "text",
        "tableRef": "title",
        "placeholder": "Enter name",
        "id": "input1",
        "validation": ["required", "trim", "unique"],
        "url": "",
        "model":"title"
    },{
        "name": "Thumbnail",
        "type": "image",
        "option":"single",
        "size": "50 X 50",
        "tableRef": "thumbnail",
        "placeholder": "Enter name",
        "id": "input1",
        "validation": ["required", "trim", "unique"],
        "url": "",
        "model": "thumbnail"
    }, {
        "name": "Destination",
        "type": "selectFromTable",
        "option": "single",
        "tableRef": "destination",
        "dropDownName": "name",
        "model": "destination",
        "placeholder": "Enter Category-Name",
        "id": "input1",
        "validation": ["required", "trim", "unique"],
        "url": "Destination/search"
    },{
        "name": "Status",
        "type": "select",
        "tableRef": "status",
        "model": "status",
        "placeholder": "Enter Type",
        "id": "input3",
        "validation": ["required", "trim", "unique"],
        "url": [{
            "value": true,
            "name": "Enable"
        }, {
            "value": false,
            "name": "Disable"
        }]
    }],
    "action": [{
        "name": "submit",
        "action": "submitOneDestinationTitle"
    }, {
        "name": "cancel",
        "stateName": "page({jsonName:'viewDestinationTitle'})"
    }],
    "apiCall": {
        "url": "DestinationTitle/save",
        "params": "_id"
    },
    "preApi": {
        "url": "DestinationTitle/getOne",
        "params": "_id"
    }
}
