{
    "title": "Edit What'sHot",
    "jsonPage": "viewWhatsHotSlider",
    "desciption": "",
    "pageType": "edit",
    "urlFields": ["_id"],
    "fields": [{
        "name": "Id",
        "type": "hidden",
        "tableRef": "_id",
        "placeholder": "Enter name",
        "id": "input1",
        "validation": ["required", "trim", "unique"],
        "url": "",
        "model": "_id"
    }, {
        "name": "Url",
        "type": "text",
        "tableRef": "url",
        "placeholder": "Enter name",
        "id": "input1",
        "validation": ["required", "trim", "unique"],
        "url": "",
        "model": "url"
    }, {
        "name": "Banner",
        "type": "image",
        "tableRef": "banner",
        "model": "banner",
        "option": "single",
        "size": "1559 X 586",
        "placeholder": "Enter Image",
        "id": "input1",
        "validation": ["required", "trim", "unique"],
        "url": ""
    }, {
        "name": "Status",
        "type": "select",
        "tableRef": "status",
        "placeholder": "Enter status",
        "id": "input3",
        "model": "status",
        "validation": ["required", "trim", "unique"],
        "url": [{
            "value": true,
            "name": "Enable"
        }, {
            "value": false,
            "name": "Disable"
        }]
    }],
    "action": [{
        "name": "submit",
        "action": "submitWhatsNew"
    }, {
        "name": "cancel",
        "stateName": "page({jsonName:'viewWhatsHotSlider'})"
    }],
    "apiCall": {
        "url": "WhatsHotSlider/save",
        "params": "_id"
    },
    "preApi": {
        "url": "WhatsHotSlider/getOne",
        "params": "_id"
    }
}
