{
    "title": "Edit Images",
    "jsonPage": "viewImages",
    "desciption": "",
    "pageType": "edit",
    "urlFields": ["_id"],
    "fields": [{
        "name": "Id",
        "type": "text",
        "tableRef": "_id",
        "placeholder": "Enter name",
        "id": "input1",
        "validation": ["required", "trim", "unique"],
        "url": "",
        "model": "_id"
    },{
        "name": "Image",
        "type": "image",
        "option":"single",
        "size": "351 X 239",
        "tableRef": "image",
        "placeholder": "Enter name",
        "id": "input1",
        "validation": ["required", "trim", "unique"],
        "url": "",
        "model": "image"
    },{
        "name": "Status",
        "type": "select",
        "tableRef": "status",
        "placeholder": "Enter status",
        "id": "input3",
        "model": "status",
        "validation": ["required", "trim", "unique"],
        "url": [{
            "value": true,
            "name": "Enable"
        }, {
            "value": false,
            "name": "Disable"
        }]
    }],
    "action": [{
        "name": "submit",
        "action": "submitOneAccomodation"
    }, {
        "name": "cancel",
        "stateName": "page({jsonName:'viewAccomodation'})"
    }],
    "apiCall": {
        "url": "WhatsHot/saveImages",
        "params": "_id"
    },
    "preApi": {
        "url": "WhatsHot/getOneImages",
        "params": "_id"
    },
    "sidemenu": [{
          "name": "WhatsHot",
          "action": "sidemenuRedirect",
          "jsonPage": "editWhatsHot",
          "fieldsToSend": [1],
          "callFindOne": "WhatsHot/getOne"
      }, {
          "name": "Images",
          "action": "sidemenuRedirect",
          "jsonPage": "viewImages",
          "fieldsToSend": [1],
          "callFindOne": "WhatsHot/getImages"
      },{
          "name": "Video",
          "action": "sidemenuRedirect",
          "jsonPage": "viewVideos",
          "fieldsToSend": [1],
          "callFindOne": "WhatsHot/getVideos"
      }, {
          "name": "Pricing",
          "action": "sidemenuRedirect",
          "jsonPage": "viewPricing",
          "fieldsToSend": [1],
          "callFindOne": "WhatsHot/getPricing"
      }]
}
