{
    "title": "Edit User",
    "jsonPage": "userView",
    "desciption": "",
    "pageType": "edit",
    "urlFields": ["_id"],
    "fields": [{
        "name": "Id",
        "type": "hidden",
        "tableRef": "_id",
        "placeholder": "Enter name",
        "id": "input1",
        "validation": ["required", "trim", "unique"],
        "url": "",
        "model": "_id"
    }, {
        "name": "First Name",
        "type": "text",
        "tableRef": "firstName",
        "placeholder": "Enter First name",
        "id": "input2",
        "validation": ["required", "trim", "unique"],
        "url": "",
        "model": "firstName"
    }, {
        "name": "Last Name",
        "type": "text",
        "tableRef": "lastName",
        "placeholder": "Enter Last name",
        "id": "input3",
        "validation": ["required", "trim", "unique"],
        "url": "",
        "model": "lastName"
    },{
        "name": "Mobile No",
        "type": "text",
        "tableRef": "mobile",
        "placeholder": "Enter Last name",
        "id": "input3",
        "validation": ["required", "trim", "unique"],
        "url": "",
        "model": "mobile"
    },{
        "name": "Email",
        "type": "email",
        "tableRef": "email",
        "placeholder": "Enter Email",
        "id": "input4",
        "validation": ["required", "trim", "unique"],
        "url": "",
        "model": "email"
    },{
        "name": "Image",
        "type": "image",
        "tableRef": "image",
        "placeholder": "Enter Image",
        "id": "input4",
        "validation": ["required", "trim", "unique"],
        "url": "",
        "model": "image"
    }],
    "action": [{
        "name": "submit",
        "action": "submitUser"
    }, {
        "name": "cancel",
        "action": "cancelUser",
        "stateName": "page({jsonName:'userView'})"
    }],
    "apiCall": {
        "url": "user/savedataData",
        "params": "_id"
    },
    "preApi": {
        "url": "user/getOne",
        "params": "_id"
    },
    "sidemenu": [{
        "url": "",
        "anchor": "",
        "state": "",
        "action": ""
    }]
}
