{
    "title": "View Activities",
    "desciption": "",
    "sendIdWithCreate": true,
    "pageType": "view",
    "fields": [{
        "name": "Name",
        "type": "text",
        "isSort": "",
        "tableRef": "name"
    }, {
        "name": "Image1",
        "type": "image",
        "isSort": "",
        "tableRef": "image1"
    },{
        "name": "Image2",
        "type": "image",
        "isSort": "",
        "tableRef": "image2"
    }],
    "action": [{
        "name": "edit",
        "icon": "mode_edit",
        "color": "blue",
        "action": "redirect",
        "jsonPage": "editActivities",
        "fieldsToSend": ["_id"],
        "callFindOne": "Destination/getOneActivities"
    }, {
        "name": "delete",
        "icon": "delete",
        "color": "red",
        "action": "apiCallConfirm",
        "title": "Delete Activities",
        "content": "Are you sure you want to delete Activities?",
        "api": "Destination/deleteActivities",
        "fieldsToSend": [{
            "name": "_id",
            "value": "_id"
        }]
    }],
    "apiCall": {
        "url": "Destination/getActivities",
        "params": ""
    },
    "createButtonState": "page({jsonName:'createActivities'})",
    "sidemenu": [{
          "name": "Destination",
          "action": "sidemenuRedirect",
          "jsonPage": "editDestination",
          "fieldsToSend": [1],
          "callFindOne": "Destination/getOne"
      }, {
          "name": "Accomodation",
          "action": "sidemenuRedirect",
          "jsonPage": "viewAccomodation",
          "fieldsToSend": [1],
          "callFindOne": "Destination/getAccomodation"
      }, {
          "name": "Activities",
          "action": "sidemenuRedirect",
          "jsonPage": "viewActivities",
          "fieldsToSend": [1],
          "callFindOne": "Destination/getActivities"
      }]

}
