{
    "title": "Cart",
    "desciption": "",
    "pageType": "view",
    "fields": [{
        "name": "Name",
        "isSort": "",
        "tableRef": "name"
    },{
        "name": "Email",
        "isSort": "",
        "tableRef": "email"
    },{
        "name": "Mobile",
        "isSort": "",
        "tableRef": "mobile"
    },{
        "name": "Group Size",
        "isSort": "",
        "tableRef": "groupSize"
    }],
    "action": [{
        "name": "edit",
        "icon": "mode_edit",
        "color": "blue",
        "action": "redirect",
        "jsonPage": "editCart",
        "fieldsToSend": ["_id"],
        "callFindOne": "Cart/getone"
    }, {
        "name": "delete",
        "icon": "delete",
        "color": "red",
        "action": "apiCallConfirm",
        "title": "Delete Tag",
        "content": "Are you sure you want to delete Cart?",
        "api": "Cart/delete",
        "fieldsToSend": [{
            "name": "_id",
            "value": "_id"
        }]
    }],
    "apiCall": {
        "url": "Cart/search",
        "params": ""
    }
}
