{
    "title": "Header",
    "desciption": "",
    "pageType": "view",
    "fields": [{
        "name": "Name",
        "type":"text",
        "isSort": "",
        "tableRef": "name"
    }, {
        "name": "Image",
        "type": "image",
        "isSort": "",
        "tableRef": "image"
    },{
        "name": "Status",
        "type": "status",
        "isSort": "",
        "tableRef": "status"
    }],
    "action": [{
        "name": "edit",
        "icon": "mode_edit",
        "color": "blue",
        "action": "redirect",
        "jsonPage": "editHeader",
        "fieldsToSend": ["_id"],
        "callFindOne": "Header/getone"
    }, {
        "name": "delete",
        "icon": "delete",
        "color": "red",
        "action": "apiCallConfirm",
        "title": "Delete Header",
        "content": "Are you sure you want to delete Header?",
        "api": "Header/delete",
        "fieldsToSend": [{
            "name": "_id",
            "value": "_id"
        }]
    }],
    "apiCall": {
        "url": "Header/getLimited",
        "params": ""
    },
    "createButtonState": "page({jsonName:'createHeader'})"
}
