{
    "title": "Images",
    "desciption": "",
    "pageType": "view",
    "sendIdWithCreate": true,
    "fields": [{
        "name": "Image",
        "type": "image",
        "isSort": "",
        "tableRef": "image"
    },{
        "name": "Status",
        "isSort": "",
        "tableRef": "status"
    }],
    "action": [{
        "name": "edit",
        "icon": "mode_edit",
        "color": "blue",
        "action": "redirect",
        "jsonPage": "editImages",
        "fieldsToSend": ["_id"],
        "callFindOne": "WhatsHot/getOneImages"
    }, {
        "name": "delete",
        "icon": "delete",
        "color": "red",
        "action": "apiCallConfirm",
        "title": "Delete Images",
        "content": "Are you sure you want to delete Images?",
        "api": "WhatsHot/deleteImages",
        "fieldsToSend": [{
            "name": "_id",
            "value": "_id"
        }]
    }],
    "apiCall": {
        "url": "WhatsHot/getImages",
        "params": ""
    },
    "createButtonState": "page({jsonName:'createImages'})",
    "sidemenu": [{
          "name": "WhatsHot",
          "action": "sidemenuRedirect",
          "jsonPage": "editWhatsHot",
          "fieldsToSend": [1],
          "callFindOne": "WhatsHot/getOne"
      }, {
          "name": "Images",
          "action": "sidemenuRedirect",
          "jsonPage": "viewImages",
          "fieldsToSend": [1],
          "callFindOne": "WhatsHot/getImages"
      },{
          "name": "Video",
          "action": "sidemenuRedirect",
          "jsonPage": "viewVideos",
          "fieldsToSend": [1],
          "callFindOne": "WhatsHot/getVideos"
      }, {
          "name": "Pricing",
          "action": "sidemenuRedirect",
          "jsonPage": "viewPricing",
          "fieldsToSend": [1],
          "callFindOne": "WhatsHot/getPricing"
      }]
}
