{
    "title": "Enquire",
    "desciption": "",
    "pageType": "view",
    "fields": [{
        "name":"Name",
        "isSort": "",
        "tableRef": "name"
    },{
        "name":"Email",
        "isSort": "",
        "tableRef": "email"
    },{
        "name":"Activities",
        "isSort": "",
        "tableRef": "activities"
    }],
    "action": [{
        "name": "edit",
        "icon": "mode_edit",
        "color": "blue",
        "action": "redirect",
        "jsonPage": "editEnquire",
        "fieldsToSend": ["_id"],
        "callFindOne": "Enquire/getone"
    }, {
        "name": "delete",
        "icon": "delete",
        "color": "red",
        "action": "apiCallConfirm",
        "title": "Delete Enquire",
        "content": "Are you sure you want to delete Enquire?",
        "api": "Enquire/delete",
        "fieldsToSend": [{
            "name": "_id",
            "value": "_id"
        }]
    }],
    "apiCall": {
        "url": "Enquire/search",
        "params": ""
    },
    "createButtonState": "page({jsonName:'createEnquire'})"
}
