{
    "title": "Destination",
    "desciption": "",
    "pageType": "view",
    "fields": [{
        "name": "Name",
        "isSort": "",
        "tableRef": "name"
    },{
        "name": "Banner",
        "type": "image",
        "isSort": "",
        "tableRef": "banner"
    },{
        "name": "Image",
        "type": "image",
        "isSort": "",
        "tableRef": "image"
    },{
        "name": "Status",
        "isSort": "",
        "tableRef": "status"
    }],
    "action": [{
        "name": "edit",
        "icon": "mode_edit",
        "color": "blue",
        "action": "redirect",
        "jsonPage": "editDestination",
        "fieldsToSend": ["_id"],
        "callFindOne": "Destination/getone"
    }, {
        "name": "delete",
        "icon": "delete",
        "color": "red",
        "action": "apiCallConfirm",
        "title": "Delete Tag",
        "content": "Are you sure you want to delete Tag?",
        "api": "Destination/delete",
        "fieldsToSend": [{
            "name": "_id",
            "value": "_id"
        }]
    }],
    "apiCall": {
        "url": "Destination/search",
        "params": ""
    },
    "createButtonState": "page({jsonName:'createDestination'})"
}
