{
    "title": "All Doctors",
    "desciption": "",
    "pageType": "view",
    "sortable":"Doctor/sort",
    "fields": [{
        "name": "Name",

        "isSort": "",
        "tableRef": "name"
    }, {
        "name": "Specialist",

        "isSort": "",
        "tableRef": "specialist"
    }, {
        "name": "Image",
        "type": "image",
        "isSort": "",
        "tableRef": "image"
    },{
        "name": "Status",
        "type": "status",
        "isSort": "",
        "tableRef": "status"
    }],
    "action": [{
        "name": "edit",
        "icon": "mode_edit",
        "color": "blue",
        "action": "redirect",
        "jsonPage": "editDoctor",
        "fieldsToSend": ["_id"],
        "callFindOne": "doctor/getone"
    }, {
        "name": "delete",
        "icon": "delete",
        "color": "red",
        "action": "apiCallConfirm",
        "title": "Delete Doctor",
        "content": "Are you sure you want to delete Doctor?",
        "api": "doctor/delete",
        "fieldsToSend": [{
            "name": "_id",
            "value": "_id"
        }]
    }],
    "apiCall": {
        "url": "doctor/getLimited",
        "params": ""
    },
    "createButtonState": "page({jsonName:'createDoctor'})"
}
