{
    "title": "City",
    "desciption": "",
    "pageType": "view",
    "fields": [{
        "name": "CityName",
        "isSort": "",
        "tableRef": "cityName"
    },{
        "name": "Country",
        "isSort": "",
        "tableRef": "country"
    },{
        "name": "Image",
        "type": "image",
        "isSort": "",
        "tableRef": "image"
    },{
        "name": "Status",
        "isSort": "",
        "tableRef": "status"
    }],
    "action": [{
        "name": "edit",
        "icon": "mode_edit",
        "color": "blue",
        "action": "redirect",
        "jsonPage": "editCity",
        "fieldsToSend": ["_id"],
        "callFindOne": "City/getone"
    }, {
        "name": "delete",
        "icon": "delete",
        "color": "red",
        "action": "apiCallConfirm",
        "title": "Delete Tag",
        "content": "Are you sure you want to delete City?",
        "api": "City/delete",
        "fieldsToSend": [{
            "name": "_id",
            "value": "_id"
        }]
    }],
    "apiCall": {
        "url": "City/search",
        "params": ""
    },
    "createButtonState": "page({jsonName:'createCity'})"
}
