{
    "title": "View Accomodation",
    "desciption": "",
    "sendIdWithCreate": true,
    "pageType": "view",
    "fields": [{
        "name": "Hotel Name",
        "type": "text",
        "isSort": "",
        "tableRef": "hotelName"
    }, {
        "name": "Image",
        "type": "image",
        "isSort": "",
        "tableRef": "image"
    }],
    "action": [{
        "name": "edit",
        "icon": "mode_edit",
        "color": "blue",
        "action": "redirect",
        "jsonPage": "editAccomodation",
        "fieldsToSend": ["_id"],
        "callFindOne": "Accomodation/getOneAccomodation"
    }, {
        "name": "delete",
        "icon": "delete",
        "color": "red",
        "action": "apiCallConfirm",
        "title": "Delete Accomodation",
        "content": "Are you sure you want to delete Accomodation?",
        "api": "Destination/deleteAccomodation",
        "fieldsToSend": [{
            "name": "_id",
            "value": "_id"
        }]
    }],
    "apiCall": {
        "url": "Destination/getAccomodation",
        "params": ""
    },
    "createButtonState": "page({jsonName:'createAccomodation'})",
    "sidemenu": [{
          "name": "Destination",
          "action": "sidemenuRedirect",
          "jsonPage": "editDestination",
          "fieldsToSend": [1],
          "callFindOne": "Destination/getOne"
      }, {
          "name": "Accomodation",
          "action": "sidemenuRedirect",
          "jsonPage": "viewAccomodation",
          "fieldsToSend": [1],
          "callFindOne": "Destination/getAccomodation"
      },{
          "name": "Activities",
          "action": "sidemenuRedirect",
          "jsonPage": "viewActivities",
          "fieldsToSend": [1],
          "callFindOne": "Destination/getActivities"
      }]

}
