{
    "title": "View DestinationContent",
    "desciption": "",
    "sendIdWithCreate": true,
    "pageType": "view",
    "fields": [{
        "name": "Name",
        "type": "text",
        "isSort": "",
        "tableRef": "name"
    },{
        "name": "Status",
        "type": "status",
        "isSort": "",
        "tableRef": "status"
    }],
    "action": [{
        "name": "edit",
        "icon": "mode_edit",
        "color": "blue",
        "action": "redirect",
        "jsonPage": "editDestinationContent",
        "fieldsToSend": ["_id"],
        "callFindOne": "DestinationContent/getOne"
    }, {
        "name": "delete",
        "icon": "delete",
        "color": "red",
        "action": "apiCallConfirm",
        "title": "Delete DestinationContent",
        "content": "Are you sure you want to delete DestinationContent?",
        "api": "DestinationContent/delete",
        "fieldsToSend": [{
            "name": "_id",
            "value": "_id"
        }]
    }],
    "apiCall": {
        "url": "DestinationContent/search",
        "params": ""
    },
    "createButtonState": "page({jsonName:'createDestinationContent'})"
}
