{
    "title": "Cart",
    "desciption": "",
    "pageType": "view",
    "fields": [{
        "name": "Activities",
        "type":"image",
        "isSort": "",
        "tableRef": "activities.image1"
    },{
        "name": "activities",
        "isSort": "",
        "tableRef": "activities.name"
    },{
        "name": "Package",
        "type":"image",
        "isSort": "",
        "tableRef": "package.image"
    },{
        "name": "Package",
        "isSort": "",
        "tableRef": "package.name"
    }],
    "action": [{
        "name": "edit",
        "icon": "mode_edit",
        "color": "blue",
        "action": "redirect",
        "jsonPage": "editCart",
        "fieldsToSend": ["_id"],
        "callFindOne": "Cart/getone"
    }, {
        "name": "delete",
        "icon": "delete",
        "color": "red",
        "action": "apiCallConfirm",
        "title": "Delete Tag",
        "content": "Are you sure you want to delete Cart?",
        "api": "Cart/delete",
        "fieldsToSend": [{
            "name": "_id",
            "value": "_id"
        }]
    }],
    "apiCall": {
        "url": "Cart/getMyCart",
        "params": ""
    },
    "sidemenu": [{
          "name": "Cart",
          "action": "sidemenuRedirect",
          "jsonPage": "editCart",
          "fieldsToSend": [1],
          "callFindOne": "Cart/getOne"
      }, {
          "name": "MyCart",
          "action": "sidemenuRedirect",
          "jsonPage": "viewMyCart",
          "fieldsToSend": [1],
          "callFindOne": "Cart/getMyCart"
      }]
}
