{
    "title": "Videos",
    "desciption": "",
    "pageType": "view",
    "sendIdWithCreate": true,
    "fields": [{
        "name": "URL",
        "type": "text",
        "isSort": "",
        "tableRef": "url"
    },{
        "name": "Thumbnail",
        "type": "image",
        "isSort": "",
        "tableRef": "thumbnail"
    },{
        "name": "Status",
        "isSort": "",
        "tableRef": "status"
    }],
    "action": [{
        "name": "edit",
        "icon": "mode_edit",
        "color": "blue",
        "action": "redirect",
        "jsonPage": "editVideos",
        "fieldsToSend": ["_id"],
        "callFindOne": "WhatsHot/getOneVideos"
    }, {
        "name": "delete",
        "icon": "delete",
        "color": "red",
        "action": "apiCallConfirm",
        "title": "Delete Videos",
        "content": "Are you sure you want to delete Videos?",
        "api": "WhatsHot/deleteVideos",
        "fieldsToSend": [{
            "name": "_id",
            "value": "_id"
        }]
    }],
    "apiCall": {
        "url": "WhatsHot/getVideos",
        "params": ""
    },
    "createButtonState": "page({jsonName:'createVideos'})",
    "sidemenu": [{
          "name": "WhatsHot",
          "action": "sidemenuRedirect",
          "jsonPage": "editWhatsHot",
          "fieldsToSend": [1],
          "callFindOne": "WhatsHot/getOne"
      }, {
          "name": "Images",
          "action": "sidemenuRedirect",
          "jsonPage": "viewImages",
          "fieldsToSend": [1],
          "callFindOne": "WhatsHot/getImages"
      },{
          "name": "Video",
          "action": "sidemenuRedirect",
          "jsonPage": "viewVideos",
          "fieldsToSend": [1],
          "callFindOne": "WhatsHot/getVideos"
      }, {
          "name": "Pricing",
          "action": "sidemenuRedirect",
          "jsonPage": "viewPricing",
          "fieldsToSend": [1],
          "callFindOne": "WhatsHot/getPricing"
      }]
}
